{"cameraMode":{"drawMode":0,"name":"Shaded","section":"Shading Mode"},"sceneLighting":true,"audioPlay":false,"sceneViewState":{"showFog":true,"showMaterialUpdate":false,"showSkybox":true,"showFlares":true,"showImageEffects":true,"showParticleSystems":true},"in2DMode":false,"pivot":{"x":-153.72705078125,"y":163.246826171875,"z":716.4920043945313},"rotation":{"x":-0.18239688873291017,"y":0.5628511309623718,"z":-0.1290062665939331,"w":-0.7957934737205505},"size":1469.9288330078125,"orthographic":false}